WORD,SEMANTIC_FIELD,PERCEPTION,MATERIAL,POS,OTHERS,CATEGORY,,CONCRETNESS,TRADUCTION
film,ENTERTAINMENT,VUE,NO,NOUN,VERB,,,CONCRETE,
cent,MONEY|QUANTITY|SCIENCE,,NO,NOUN,,,,CONCRETE,
shot,ARMY|DEATH|ENTERTAINMENT,,NO,ADJ,NOUN,,,CONCRETE,
cold,NATURE|MEDICAL|FEELING,TOUCH,NO,ADJ,,,,CONCRETE,
main,ABSTRACT|DISTINCT,,NO,ADJ,,,,ABSTRACT,
poet,ENTERTAINMENT|PEOPLE,,NO,NOUN,,PERSON,,CONCRETE,
case,ABSTRACT,,NO,NOUN,,CONCEPT ,,ABSTRACT,
land,NATURE|LOCATION,,NO,NOUN,,LOCATION,,CONCRETE,
idea,PHILOSOPHY|SCIENCE,,NO,NOUN,,CONCEPT ,,ABSTRACT,
love,FAMILY|PHILOSOPHY,,NO,NOUN,VERB,CONCEPT ,,ABSTRACT,
role,ENTERTAINMENT,,NO,NOUN,,ACTION,,ABSTRACT,
hall,ENTERTAINMENT|HOUSE|LOCATION,,NO,NOUN,,LOCATION,,CONCRETE,
safe,INDUSTRY|MONEY|FEELING,,NO,ADJ,NOUN,OBJECT,,CONCRETE,
pope,RELIGION|PEOPLE,,NO,NOUN,,PERSON,,CONCRETE,
suit,MODE,,YES,NOUN,VERB,,,CONCRETE,
evil,NATURE|PHILOSOPHY|DEATH|RELIGION,,NO,NOUN,,,,ABSTRACT,
roof,HOUSE|LOCATION,,YES,NOUN,,,,CONCRETE,
wind,NATURE|MOVE,TOUCH,NO,NOUN,,,,CONCRETE,
seat,POLITICS|HOUSE|DEVICE|GOVERN,,YES,NOUN,,OBJECT,,CONCRETE,
pale,BODY|DEATH,,NO,ADJ,,SENTIMENT,,CONCRETE,
duty,PHILOSOPHY|RELIGION|ARMY|SCHOOL,,NO,NOUN,,,,ABSTRACT,
inch,SCIENCE|QUANTITY,,NO,NOUN,,,,ABSTRACT,
snow,NATURE,TOUCH,YES,NOUN,VERB,,,CONCRETE,
site,NATURE|INDUSTRY|LOCATION,,NO,NOUN,,LOCATION,,CONCRETE,
dome,HOUSE|LOCATION,,NO,NOUN,,LOCATION,,CONCRETE,
golf,NATURE|SPORT|MOVE,,NO,NOUN,,ACTION,,CONCRETE,
boil,FOOD|FEELING,TOUCH,NO,VERB,,ACTION,,CONCRETE,
gaze,BODY,VUE,NO,VERB,NOUN,,,CONCRETE,
bone,BODY|MATERIAL|DEATH,,YES,NOUN,,OBJECT,,CONCRETE,
yarn,DEVICE|MODE|MATERIAL,,YES,NOUN,,OBJECT,,CONCRETE,
gift,ENTERTAINMENT,,YES,NOUN,,OBJECT,,CONCRETE,
pump,INDUSTRY|DEVICE|SPORT,,YES,NOUN,,OBJECT,,CONCRETE,pompe
trap,ARMY|CATASTROPHE|DEVICE,,NO,VERB,NOUN,OBJECT,,ABSTRACT,piege
harm,ARMY|PHILOSOPHY,,NO,NOUN,VERB,CONCEPT ,,ABSTRACT,
beer,ENTERTAINMENT|FOOD,TASTE,YES,NOUN,,OBJECT,,CONCRETE,
buzz,ENTERTAINMENT,,NO,NOUN,VERB,EVENT,,CONCRETE,
bait,ARMY,,YES,NOUN,,OBJECT,,CONCRETE,Appat
clan,ARMY|FAMILY|POLITICS,,NO,NOUN,,ORGANISM,,CONCRETE,
rift,NATURE|CATASTROPHE,,NO,VERB,,,,CONCRETE,faille
jerk,NATURE|CATASTROPHE|MOVE,,NO,NOUN,,,,CONCRETE,secousse
skit,ENTERTAINMENT,,NO,NOUN,,EVENT,,CONCRETE,sketch
dune,NATURE|LOCATION,,NO,NOUN,,LOCATION,,CONCRETE,
flop,ENTERTAINMENT,,NO,VERB,NOUN,EVENT,,ABSTRACT,
drip,NATURE|MEDICAL,TASTE,YES,NOUN,VERB,OBJECT,,CONCRETE,goutte?perfusion
slat,HOUSE|MATERIAL,,YES,NOUN,,OBJECT,,CONCRETE,latte
moot,PHILOSOPHY|POLITICS|JUSTICE,,NO,ADJ,,CONCEPT ,,ABSTRACT,discutable
feud,FAMILY|POLITICS|ARMY|JUSTICE|SEPARATION,,NO,NOUN,,EVENT,,CONCRETE,querelle
coax,FAMILY|FEELING,,NO,VERB,,,,CONCRETE,amadouer
issue,SCHOOL|SCIENCE|JUSTICE,,NO,NOUN,VERB,CONCEPT ,,ABSTRACT,
basis,ABSTRACT|HOUSE,,NO,NOUN,,CONCEPT ,,ABSTRACT,
peace,PHILOSOPHY|ARMY|JUSTICE|CATASTROPHE|FEELING,,NO,NOUN,,CONCEPT ,,ABSTRACT,
trial,SCHOOL|JUSTICE|MOVE,,NO,NOUN,,ACTION,,CONCRETE,
least,SCIENCE|ABSTRACT,,NO,ADJ,,CONCEPT ,,ABSTRACT,
green,NATURE,VUE,NO,ADJ,,CONCEPT ,,CONCRETE,
daily,TIME,,NO,ADV,,TIME,,ABSTRACT,
scene,ENTERTAINMENT|CRIME|NATURE|LOCATION,,NO,NOUN,,LOCATION,,CONCRETE,
party,ENTERTAINMENT|POLITICS,,NO,NOUN,,EVENT,,CONCRETE,
thing,DEVICE,,YES,NOUN,,OBJECT,,CONCRETE,
price,INDUSTRY|MONEY,,NO,NOUN,,CONCEPT ,,CONCRETE,
piece,MODE|INDUSTRY|ENTERTAINMENT|QUANTITY|MONEY|ARMY|CRIME,,YES,NOUN,,OBJECT,,CONCRETE,
beach,NATURE|ENTERTAINMENT|LOCATION,,NO,NOUN,,LOCATION,,CONCRETE,
unity,PHILOSOPHY|ARMY|SEPARATION,,NO,NOUN,,CONCEPT ,,ABSTRACT,
chair,HOUSE|INDUSTRY|POLITICS|RELIGION,,YES,NOUN,,OBJECT,,CONCRETE,
rifle,ARMY|CRIME|DEVICE,,YES,NOUN,,OBJECT,,CONCRETE,
uncle,FAMILY|ARMY|PEOPLE,,NO,NOUN,,PERSON,,CONCRETE,
smoke,NATURE|INDUSTRY,SMELL,NO,VERB,NOUN,ACTION,,CONCRETE,
dream,PHILOSOPHY|ENTERTAINMENT|ABSTRACT,,NO,NOUN,VERB,ACTION,,ABSTRACT,
crowd,ENTERTAINMENT|FAMILY|ARMY|PEOPLE,,NO,NOUN,,PERSON,,CONCRETE,
theme,MUSIC|SCHOOL|PHILOSOPHY,SOUND,NO,NOUN,,,,ABSTRACT,
wagon,INDUSTRY|TRANSPORT|TRAVEL,,YES,NOUN,,LOCATION,,CONCRETE,
empty,SCIENCE|ABSTRACT|QUANTITY,,NO,ADJ,VERB,SENTIMENT,,CONCRETE,
wheel,INDUSTRY|DEVICE|TRANSPORT,,YES,NOUN,,OBJECT,,CONCRETE,
storm,NATURE|CATASTROPHE,,NO,NOUN,,EVENT,,CONCRETE,
actor,ENTERTAINMENT|PEOPLE,,NO,NOUN,,PERSON,,CONCRETE,
purse,INDUSTRY|MONEY,,YES,NOUN,VERB,OBJECT,,CONCRETE,
chaos,ARMY|PHILOSOPHY|CATASTROPHE,,NO,NOUN,,CONCEPT ,,ABSTRACT,
blade,CRIME|ARMY|DEVICE,,YES,NOUN,,OBJECT,,CONCRETE,
sheer,PHILOSOPHY|NATURE|JUSTICE|CLEANNESS,,NO,ADJ,,,,ABSTRACT,pur
bench,HOUSE|INDUSTRY|JUSTICE,,YES,NOUN,,OBJECT,,CONCRETE,
suite,HOUSE|MUSIC|LOCATION,,NO,NOUN,,LOCATION,,CONCRETE,
cycle,PHILOSOPHY|MUSIC|TRANSPORT,,NO,VERB,NOUN,,,ABSTRACT,
shade,NATURE|PHILOSOPHY,,NO,NOUN,VERB,,,CONCRETE,
radar,DEVICE|JUSTICE,,YES,NOUN,,OBJECT,,CONCRETE,
creek,NATURE|LOCATION,,NO,NOUN,,LOCATION,,CONCRETE,crique
tango,ENTERTAINMENT|MOVE|MUSIC,TOUCH|HEAR,NO,PROPN,NOUN,,,CONCRETE,
briar,NATURE,,NO,NOUN,,OBJECT,,CONCRETE,ronces
patio,HOUSE|LOCATION,,NO,NOUN,,LOCATION,,CONCRETE,
polka,ENTERTAINMENT|MUSIC,SOUND,NO,PROPN,NOUN,,,CONCRETE,
jiffy,TIME,,NO,NOUN,,TIME,,ABSTRACT,
cameo,ENTERTAINMENT,,NO,NOUN,,,,CONCRETE,
felon,CRIME|JUSTICE|PEOPLE,,NO,NOUN,,,,CONCRETE,criminel
filth,HOUSE|CLEANNESS|MATERIAL,,NO,NOUN,,,,ABSTRACT,salete
druid,RELIGION|NATURE,,NO,NOUN,,PERSON,,CONCRETE,
sprig,NATURE|QUANTITY,,YES,NOUN,,OBJECT,,CONCRETE,brindille
spout,NATURE|BODY,,YES,NOUN,,,,CONCRETE,bec
snout,NATURE|BODY,,YES,NOUN,,,,CONCRETE,museau
source,NATURE|PHILOSOPHY|ABSTRACT,,NO,NOUN,VERB,,,CONCRETE,
mother,FAMILY|NATURE|PEOPLE,,NO,NOUN,,PERSON,,CONCRETE,
common,ABSTRACT|DISTINCT,,NO,ADJ,,,,ABSTRACT,
father,FAMILY|RELIGION|PEOPLE,,NO,NOUN,,PERSON,,CONCRETE,
theory,SCIENCE|RELIGION|PHILOSOPHY,,NO,NOUN,,CONCEPT ,,CONCRETE,
effect,SCIENCE|MOVE|PHILOSOPHY,,NO,NOUN,,,,CONCRETE,
dinner,FOOD|TIME,,NO,NOUN,,EVENT,,CONCRETE,
growth,MONEY|MOVE,,NO,NOUN,,CONCEPT ,,CONCRETE,
friend,FAMILY|PEOPLE,,NO,NOUN,,PERSON,,CONCRETE,
nature,NATURE|LOCATION|PHILOSOPHY,,NO,NOUN,,LOCATION,,CONCRETE,
couple,FAMILY|QUANTITY|PEOPLE,,NO,NOUN,,PERSON,,CONCRETE,
county,NATURE|LOCATION,,NO,NOUN,,LOCATION,,CONCRETE,
throat,BODY|DEATH,,YES,NOUN,,,,CONCRETE,
nobody,QUANTITY|PEOPLE|ABSTRACT,,NO,PRON,,PERSON,,CONCRETE,
crisis,CATASTROPHE|MONEY,,NO,NOUN,,EVENT,,CONCRETE,
motion,MOVE,,NO,NOUN,,ACTION,,CONCRETE,
valley,NATURE|LOCATION,,NO,NOUN,,LOCATION,,CONCRETE,
memory,PHILOSOPHY|BODY|DEATH|DISTINCT,,NO,NOUN,,CONCEPT ,,CONCRETE,
artist,ENTERTAINMENT|PEOPLE,,NO,NOUN,,PERSON,,CONCRETE,
engine,INDUSTRY|TRANSPORT|DEVICE,,YES,NOUN,,OBJECT,,CONCRETE,
player,ENTERTAINMENT|PEOPLE|SPORT,,NO,NOUN,,PERSON,,CONCRETE,
estate,NATURE|HOUSE|LOCATION,,NO,NOUN,,LOCATION,,CONCRETE,
murder,ARMY|CRIME|DEATH,,NO,NOUN,VERB,EVENT,,CONCRETE,
danger,CATASTROPHE|CRIME|DEATH,,NO,NOUN,,,,CONCRETE,
genius,SCIENCE|PEOPLE,,NO,NOUN,,PERSON,,CONCRETE,
remark,MESSAGE,,NO,NOUN,VERB,,,CONCRETE,
resort,ENTERTAINMENT|LOCATION,,NO,NOUN,,,,CONCRETE,
camera,ENTERTAINMENT|DEVICE,VUE,YES,NOUN,,OBJECT,,CONCRETE,
saddle,ABSTRACT|BODY,,NO,VERB,NOUN,,,CONCRETE,
walnut,FOOD,,YES,NOUN,,OBJECT,,CONCRETE,
violin,ENTERTAINMENT|DEVICE|MUSIC,SOUND,YES,NOUN,,OBJECT,,CONCRETE,
virtue,PHILOSOPHY|JUSTICE,,YES,NOUN,,CONCEPT ,,CONCRETE,vertu
toilet,HOUSE|LOCATION,,YES,NOUN,,OBJECT,,CONCRETE,
hunger,FOOD|FEELING,,NO,NOUN,,SENTIMENT,,CONCRETE,
sleeve,MODE,,YES,NOUN,,OBJECT,,CONCRETE,
census,MONEY|QUANTITY,,NO,NOUN,,,,CONCRETE,recensement
blight,CATASTROPHE|CRIME|MATERIAL,,NO,VERB,NOUN,,,CONCRETE,
homage,DEATH|GLORY,,NO,NOUN,,,,CONCRETE,
faucet,HOUSE,,YES,NOUN,,OBJECT,,CONCRETE,robinet
deceit,FEELING,,NO,NOUN,,EVENT,,CONCRETE,tromperie
morgue,CRIME|DEATH|MEDICAL,,NO,NOUN,,LOCATION,,CONCRETE,
malice,PHILOSOPHY|FEELING,,NO,NOUN,,,,ABSTRACT,malveillance
groove,MUSIC|ENTERTAINMENT|MOVE,SOUND,NO,NOUN,VERB,,,CONCRETE,rainure
safari,NATURE,,NO,NOUN,,EVENT,,CONCRETE,
dynamo,DEVICE|PEOPLE,,NO,NOUN,,,,CONCRETE,
asylum,POLITICS|HOUSE|RELIGION,,NO,NOUN,,,,CONCRETE,
nebula,NATURE,,NO,NOUN,,,,CONCRETE,
squash,ENTERTAINMENT|FOOD|MOVE,TASTE,NO,VERB,NOUN,,,CONCRETE,
purpose,ABSTRACT|PHILOSOPHY,,NO,NOUN,,,,ABSTRACT,
section,ARMY|QUANTITY|INDUSTRY,,NO,NOUN,,,,CONCRETE,
private,BODY|INDUSTRY,,NO,ADJ,,,,ABSTRACT,
century,TIME|QUANTITY,,NO,NOUN,,TIME,,ABSTRACT,
council,POLITICS|PEOPLE|GOVERN|RELIGION,,NO,NOUN,,ORGANISM,,CONCRETE,
service,INDUSTRY|ARMY|NATURE,,NO,NOUN,,PERSON,,CONCRETE,
million,MONEY|QUANTITY|SCIENCE,,NO,NUM,,,,CONCRETE,
account,MONEY|MESSAGE,,NO,NOUN,VERB,,,CONCRETE,
example,ABSTRACT|DEVICE,,NO,NOUN,,,,CONCRETE,
concern,FEELING|MESSAGE|ABSTRACT,,NO,NOUN,VERB,SENTIMENT,,ABSTRACT,
husband,FAMILY|PEOPLE,,NO,NOUN,,PERSON,,CONCRETE,
respect,PHILOSOPHY|JUSTICE|FEELING,,NO,NOUN,VERB,CONCEPT ,,ABSTRACT,
highway,TRANSPORT|TRAVEL|LOCATION,,NO,NOUN,,LOCATION,,CONCRETE,
uniform,MODE|ARMY|SCIENCE,,NO,ADJ,NOUN,OBJECT,,CONCRETE,
silence,PHILOSOPHY|ABSTRACT,HEAR,NO,NOUN,,CONCEPT ,,CONCRETE,
session,QUANTITY|SPORT|TIME,,NO,NOUN,,EVENT,,CONCRETE,
extreme,QUANTITY|FEELING,,NO,ADJ,,CONCEPT ,,CONCRETE,
perfect,CLEANNESS|PHILOSOPHY|FEELING,,NO,ADJ,,,,CONCRETE,
expense,MONEY,,NO,NOUN,,ACTION,,CONCRETE,
journal,INDUSTRY|MESSAGE|SCIENCE,,YES,NOUN,,OBJECT,,CONCRETE,
tension,ARMY|CATASTROPHE,,NO,NOUN,,CONCEPT ,,CONCRETE,
welfare,MEDICAL|BODY,,NO,NOUN,,,,ABSTRACT,
disease,MEDICAL|CATASTROPHE|DEATH,,NO,NOUN,,,,CONCRETE,
absence,FEELING|QUANTITY|ABSTRACT,,NO,NOUN,,,,CONCRETE,
courage,PHILOSOPHY|ARMY|FEELING,,NO,NOUN,,,,CONCRETE,
hormone,MEDICAL|BODY,,NO,NOUN,,,,CONCRETE,
acreage,NATURE|QUANTITY|LOCATION,,NO,NOUN,,,,CONCRETE,
embrace,FAMILY|PHILOSOPHY|MOVE,,NO,VERB,,,,CONCRETE,
channel,ENTERTAINMENT|NATURE|MESSAGE,,NO,NOUN,,,,CONCRETE,
lecture,SCHOOL|INDUSTRY,,NO,NOUN,,EVENT,,CONCRETE,
ceiling,HOUSE|LOCATION,,NO,NOUN,,,,CONCRETE,
crystal,MATERIAL|NATURE,,NO,NOUN,,,,CONCRETE,
gentile,RELIGION|PEOPLE,,NO,NOUN,ADJ,,,CONCRETE,
pension,SCHOOL|MONEY|LOCATION,,NO,NOUN,,LOCATION,,CONCRETE,
suicide,CATASTROPHE|DEATH|CRIME,,NO,NOUN,,EVENT,,CONCRETE,
academy,SCHOOL|LOCATION,,NO,NOUN,,LOCATION,,CONCRETE,
modicum,QUANTITY,,NO,NOUN,,,,CONCRETE,
pumpkin,FOOD,TASTE,YES,NOUN,,OBJECT,,CONCRETE,
corsage,MEDICAL|MODE,,NO,NOUN,,,,CONCRETE,
sarcasm,PHILOSOPHY|FEELING,,NO,NOUN,,,,ABSTRACT,
infidel,RELIGION|FAMILY|FEELING,,NO,ADJ,,,,CONCRETE,
primate,NATURE|BODY,,YES,NOUN,,,,CONCRETE,
quibble,MESSAGE,,NO,VERB,NOUN,,,CONCRETE,critique
heretic,RELIGION|CRIME,,NO,ADJ,,,,CONCRETE,
default,ABSTRACT|MONEY,,NO,NOUN,"VERB,ADJ",,,CONCRETE,
cuisine,FOOD,,NO,NOUN,,CONCEPT ,,CONCRETE,
vaccine,MEDICAL|,,NO,NOUN,,OBJECT,,CONCRETE,
duchess,PEOPLE|GOVERN,,NO,NOUN,,PERSON,,CONCRETE,
evidence,CRIME|MESSAGE,,NO,NOUN,,,,CONCRETE,
practice,MOVE|ARMY|SCHOOL|SPORT,,NO,VERB,NOUN,ACTION,,CONCRETE,
complete,GLORY|SCHOOL|QUANTITY,,NO,ADJ,VERB,,,CONCRETE,
director,PEOPLE|ENTERTAINMENT|GOVERN|MUSIC,,NO,NOUN,,PERSON,,CONCRETE,
attitude,FEELING|MOVE,,NO,NOUN,,,,CONCRETE,
distance,QUANTITY|SCIENCE|ABSTRACT,,NO,NOUN,,,,CONCRETE,
property,HOUSE|BODY|SCIENCE,,NO,NOUN,,,,CONCRETE,
standing,MOVE,,NO,ADJ,VERB,,,CONCRETE,
personal,BODY,,NO,ADJ,,,,CONCRETE,
reaction,SCIENCE|MOVE|MESSAGE,,NO,NOUN,,,,CONCRETE,
southern,LOCATION,,NO,ADJ,,,,CONCRETE,
position,POLITICS|LOCATION,,NO,NOUN,,,,CONCRETE,
election,POLITICS,,NO,NOUN,,,,CONCRETE,
chairman,POLITICS|INDUSTRY,,NO,NOUN,,PERSON,,CONCRETE,
japanese,PEOPLE,,NO,ADJ,,PERSON,,CONCRETE,
governor,POLITICS|INDUSTRY|GOVERN,,NO,NOUN,,PERSON,,CONCRETE,
capacity,QUANTITY|SCIENCE|,,NO,NOUN,,,,CONCRETE,
approval,POLITICS|FEELING,,NO,NOUN,,,,CONCRETE,
identity,PHILOSOPHY|BODY|ABSTRACT|PEOPLE,,NO,NOUN,,,,ABSTRACT,
instance,POLITICS|JUSTICE|ARMY|QUANTITY,,NO,NOUN,,ORGANISM,,CONCRETE,
valuable,MONEY|FEELING,,NO,ADJ,,,,ABSTRACT,
diameter,SCIENCE|SCHOOL,,NO,NOUN,,,,CONCRETE,
majority,QUANTITY|POLITICS|DEATH|ARMY,,NO,NOUN,,,,CONCRETE,
exercise,SPORT|ARMY|MOVE|SCHOOL,,NO,VERB,NOUN,,,CONCRETE,
appetite,FOOD,,NO,NOUN,,,,CONCRETE,
singular,ABSTRACT,,NO,ADJ,,,,CONCRETE,
prestige,GLORY|FEELING,,NO,NOUN,,,,ABSTRACT,
theology,RELIGION|PHILOSOPHY,,NO,NOUN,,,,CONCRETE,
abstract,PHILOSOPHY|ABSTRACT,,NO,ADJ,NOUN,CONCEPT ,,ABSTRACT,
midnight,TIME|ABSTRACT,,NO,SCONJ,ADV,TIME,,CONCRETE,
variable,SCIENCE|QUANTITY,,NO,ADJ,,,,ABSTRACT,
currency,MONEY,,NO,NOUN,,,,CONCRETE,
cylinder,SCIENCE|DEVICE,,NO,NOUN,,,,CONCRETE,
vitality,PHILOSOPHY|MOVE|FEELING,,NO,NOUN,,SENTIMENT,,ABSTRACT,
document,POLITICS|SCIENCE|MESSAGE,VUE,YES,NOUN,,OBJECT,,CONCRETE,
adoption,FAMILY|POLITICS,,NO,NOUN,,ACTION,,CONCRETE,
disarray,CLEANNESS|PHILOSOPHY,,NO,NOUN,,,,CONCRETE,
limerick,ENTERTAINMENT,,NO,VERB,,,,CONCRETE,
fruition,PHILOSOPHY|MOVE|,,NO,NOUN,,EVENT,,CONCRETE,aboutissement
easement,MOVE|POLITICS,,NO,NOUN,,,,CONCRETE,
interact,MOVE|SCIENCE|PEOPLE,,NO,VERB,,ACTION,,CONCRETE,
cosmetic,BODY|SCIENCE,VUE,NO,NOUN,,,,CONCRETE,
crucible,ARMY|SPORT|MOVE,,NO,VERB,,,,CONCRETE,
skeleton,BODY|PEOPLE,TOUCH,YES,NOUN,,OBJECT,,CONCRETE,
tentacle,BODY,TOUCH,YES,NOUN,,,,CONCRETE,
modality,MUSIC|LANGUAGE,,NO,NOUN,,,,CONCRETE,
warranty,JUSTICE,,NO,NOUN,,,,CONCRETE,
scenario,ENTERTAINMENT,,NO,NOUN,,,,CONCRETE,
sign,SCIENCE|RELIGION|PHILOSOPHY,VUE,NO,VERB,NOUN,EVENT,,CONCRETE,
hope,PHILOSOPHY|FEELING,,NO,NOUN,,SENTIMENT,,ABSTRACT,
clay,MATERIAL|NATURE,VUE,YES,NOUN,,,,CONCRETE,argile
data,INDUSTRY|SCIENCE,,NO,NOUN,,,,CONCRETE,
book,ENTERTAINMENT,VUE,YES,NOUN,,,,CONCRETE,
army,ARMY,,NO,NOUN,,PERSON,,CONCRETE,
mind,BODY|PHILOSOPHY|ABSTRACT,,NO,NOUN,VERB,CONCEPT ,,ABSTRACT,
none,QUANTITY|ABSTRACT,,NO,NOUN,,CONCEPT ,,ABSTRACT,
blue,NATURE,VUE,NO,ADJ,,CONCEPT ,,CONCRETE,
area,NATURE|LOCATION,,NO,NOUN,,LOCATION,,CONCRETE,
park,NATURE|LOCATION,,NO,NOUN,VERB,LOCATION,,CONCRETE,
fear,CATASTROPHE|FEELING,ALL,NO,VERB,,SENTIMENT,,ABSTRACT,
papa,FAMILY|PEOPLE,,NO,PROPN,,PERSON,,CONCRETE,
milk,FOOD,TASTE,YES,NOUN,,OBJECT,,CONCRETE,
band,ENTERTAINMENT|DEVICE,HEAR,NO,NOUN,,PERSON,,CONCRETE,
wood,NATURE|MATERIAL,TOUCH,YES,NOUN,,OBJECT,,CONCRETE,
dust,NATURE|CLEANNESS,TOUCH,YES,NOUN,,OBJECT,,CONCRETE,
baby,FAMILY|PEOPLE,,NO,NOUN,,PERSON,,CONCRETE,
tone,MUSIC|LANGUAGE,SOUND,NO,NOUN,,,,CONCRETE,
rain,NATURE,,NO,NOUN,,OBJECT,,CONCRETE,
hole,NATURE|LOCATION,,NO,NOUN,,OBJECT,,CONCRETE,
tool,INDUSTRY|DEVICE,,YES,NOUN,,OBJECT,,CONCRETE,
poem,ENTERTAINMENT|MESSAGE,,NO,NOUN,,,,CONCRETE,
trip,ENTERTAINMENT|TRAVEL,,NO,NOUN,,EVENT,,CONCRETE,
pine,NATURE|CATASTROPHE|DEATH,,NO,VERB,NOUN,,,CONCRETE,etre en deuil|PLEURER
limp,MOVE,,NO,VERB,ADJ,,,CONCRETE,
aunt,FAMILY|PEOPLE,,NO,NOUN,,PERSON,,CONCRETE,
dash,LANGUAGE,,NO,NOUN,,,,CONCRETE,
whip,DEVICE|CRIME,,YES,NOUN,,OBJECT,,CONCRETE,fouet
drug,MEDICAL|CRIME,,YES,NOUN,,OBJECT,,CONCRETE,
ford,NATURE,,NO,VERB,NOUN,LOCATION,,CONCRETE,
hank,INDUSTRY|MODE|BODY,TOUCH,NO,VERB,,,,CONCRETE,
fate,RELIGION|PHILOSOPHY|CATASTROPHE,,NO,NOUN,,,,CONCRETE,destin
pack,MOVE|QUANTITY|LOCATION,,YES,VERB,NOUN,OBJECT,,CONCRETE,
crew,INDUSTRY|FAMILY|PEOPLE,,NO,NOUN,,PERSON,,CONCRETE,
shed,HOUSE|LOCATION,,NO,VERB,,,,CONCRETE,abri
lull,CATASTROPHE,,NO,VERB,,,,CONCRETE,accalmie
duet,MUSIC|PEOPLE,,NO,NOUN,,,,CONCRETE,duo
bran,FOOD,,YES,NOUN,VERB,OBJECT,,CONCRETE,son
crux,DISTINCT,,NO,NOUN,,,,CONCRETE,"coeur, centre (figur√©)"
gout,MEDICAL|,,NO,NOUN,,,,CONCRETE,Goutte (maladie)
gird,ARMY,,NO,VERB,,,,CONCRETE,
hash,FOOD|CRIME,,NO,NOUN,VERB,,,CONCRETE,
whiz,NATURE,,NO,VERB,NOUN,,,CONCRETE,
pout,SEPARATION,,NO,VERB,NOUN,,,CONCRETE,bouder
sage,PHILOSOPHY,,NO,VERB,,PERSON,,CONCRETE,
orgy,FOOD|QUANTITY|ENTERTAINMENT,,NO,NOUN,,,,CONCRETE,
claw,BODY,,YES,NOUN,,,,CONCRETE,
space,NATURE|LOCATION,,NO,NOUN,,LOCATION,,CONCRETE,
press,MOVE|SPORT|DEVICE,TOUCH,NO,NOUN,VERB,PERSON,,CONCRETE,
table,DEVICE|HOUSE|SCHOOL,,YES,NOUN,,OBJECT,,CONCRETE,
board,SCHOOL|DEVICE,,NO,NOUN,,OBJECT,,CONCRETE,
image,ENTERTAINMENT,VUE,YES,NOUN,,OBJECT,,CONCRETE,
reach,MOVE|GLORY,,NO,VERB,,ACTION,,ABSTRACT,
glass,DEVICE|HOUSE|MATERIAL,TOUCH,YES,NOUN,,,,CONCRETE,
stock,INDUSTRY|MONEY,,NO,NOUN,,OBJECT,,CONCRETE,
mouth,BODY|MESSAGE,TASTE,YES,NOUN,,,,CONCRETE,
wrong,SCHOOL|ABSTRACT|FEELING,,NO,ADJ,,,,CONCRETE,
plant,INDUSTRY|NATURE,,YES,NOUN,VERB,LOCATION,,CONCRETE,
child,FAMILY|SCHOOL|PEOPLE,,YES,NOUN,,PERSON,,CONCRETE,
guess,ABSTRACT,,NO,VERB,NOUN,ACTION,,ABSTRACT,
coast,NATURE|LOCATION,,NO,NOUN,PROPN,LOCATION,,CONCRETE,
extra,QUANTITY,,NO,ADJ,,,,ABSTRACT,
angle,SCIENCE,VUE,NO,NOUN,,,,CONCRETE,
grant,MONEY,,NO,NOUN,,,,CONCRETE,
enemy,ARMY|CRIME|DEATH,,NO,NOUN,,PERSON,,CONCRETE,
clean,CLEANNESS,TOUCH,NO,VERB,ADJ,,,CONCRETE,
proof,JUSTICE|CRIME|MESSAGE,,NO,NOUN,ADJ,,,CONCRETE,
event,ENTERTAINMENT,,NO,NOUN,,EVENT,,CONCRETE,
ideal,PHILOSOPHY,,NO,ADJ,,CONCEPT ,,ABSTRACT,
rough,FEELING,TOUCH,NO,ADJ,,,,CONCRETE,rugueux|difficile|eprouvant
flesh,BODY,TOUCH,NO,NOUN,,,,CONCRETE,chaire
honey,FOOD|FAMILY,TASTE,YES,NOUN,,OBJECT,,CONCRETE,
haven,HOUSE|LOCATION|DEATH,,NO,VERB,,,,CONCRETE,
stray,MOVE,,NO,VERB,ADJ|NOUN,,,CONCRETE,errer
grave,DEATH|LOCATION,,YES,NOUN,,,,CONCRETE,
waist,BODY,,NO,NOUN,,,,CONCRETE,taille dune personne
giant,NATURE|QUANTITY|PEOPLE,VUE,NO,ADJ,NOUN,PERSON,,CONCRETE,
error,SCHOOL|SCIENCE,,NO,NOUN,,,,ABSTRACT,
slave,POLITICS|GOVERN|PEOPLE,,NO,VERB,,PERSON,,CONCRETE,
virus,MEDICAL|MOVE,,NO,NOUN,,,,CONCRETE,
couch,HOUSE|DEVICE|ARMY,,YES,NOUN,,OBJECT,,CONCRETE,
trail,NATURE|MOVE|SPORT,,NO,NOUN,,ACTION,,CONCRETE,
straw,FOOD|DEVICE,,YES,NOUN,,OBJECT,,CONCRETE,
tonic,SPORT|MOVE|FOOD,,NO,ADJ,,,,CONCRETE,
miner,PEOPLE|INDUSTRY,,NO,NOUN,,PERSON,,CONCRETE,Mineur (employe)
crypt,RELIGION|LOCATION,,NO,NOUN,,LOCATION,,CONCRETE,
cramp,MEDICAL|BODY,,NO,VERB,,,,CONCRETE,
fluke,PHILOSOPHY,,NO,NOUN,,,,ABSTRACT,coup de chance extraordinaire
rogue,NATURE|CRIME,,NO,NOUN,,,,CONCRETE,fripouille|vereux|canaille
lasso,DEVICE,,YES,NOUN,,OBJECT,,CONCRETE,
squaw,PEOPLE|NATURE,,NO,NOUN,,PERSON,,CONCRETE,
poesy,ENTERTAINMENT,,NO,NOUN,,,,ABSTRACT,
grail,RELIGION,,NO,NOUN,,,,CONCRETE,graal
curry,FOOD,TASTE|SMELL,NO,VERB,,,,CONCRETE,
flail,ARMY|MOVE,,NO,NOUN,,,,CONCRETE,sagiter dans tous les sens|arme
future,TIME,,NO,NOUN,,TIME,,ABSTRACT,
spring,TIME|NATURE,,NO,NOUN,,TIME,,CONCRETE,
figure,SCIENCE|PEOPLE|QUANTITY,,NO,NOUN,,PERSON,,CONCRETE,
chance,PHILOSOPHY|FEELING,,NO,NOUN,,,,ABSTRACT,
summer,TIME|NATURE,,NO,NOUN,,TIME,,CONCRETE,
change,MOVE,,NO,VERB,NOUN,,,CONCRETE,
reason,SCHOOL|SCIENCE|PHILOSOPHY,,NO,VERB,NOUN,,,CONCRETE,
corner,LOCATION,,NO,NOUN,,LOCATION,,CONCRETE,
method,SCHOOL|SCIENCE|ABSTRACT,,NO,NOUN,,,,CONCRETE,
health,MEDICAL|BODY|FEELING,,NO,NOUN,,,,ABSTRACT,
spirit,RELIGION|PHILOSOPHY,,NO,NOUN,,,,ABSTRACT,
person,PEOPLE,,YES,NOUN,,PERSON,,CONCRETE,
marine,NATURE,VUE,NO,NOUN,,,,CONCRETE,
credit,MONEY,,NO,NOUN,VERB,,,CONCRETE,
forest,NATURE|LOCATION,,NO,NOUN,,,,CONCRETE,
advice,MESSAGE,,NO,NOUN,,,,CONCRETE,
poetry,ENTERTAINMENT|LANGUAGE,,NO,NOUN,,,,CONCRETE,
author,ENTERTAINMENT|BOOK|PEOPLE,,NO,NOUN,,PERSON,,CONCRETE,
budget,INDUSTRY|MONEY,,NO,NOUN,,,,CONCRETE,
handle,MOVE,TOUCH,YES,VERB,NOUN,,,CONCRETE,
agency,INDUSTRY|LOCATION,,NO,NOUN,,PERSON,,CONCRETE,
rising,MOVE,,NO,VERB,,,,CONCRETE,
battle,ARMY|MEDICAL|CRIME,,NO,NOUN,,EVENT,,CONCRETE,
tissue,MEDICAL|INDUSTRY,,YES,NOUN,,OBJECT,,CONCRETE,
temper,FEELING,,NO,NOUN,,,,ABSTRACT,humeur
pencil,SCHOOL,,YES,NOUN,,OBJECT,,CONCRETE,
hazard,PHILOSOPHY,,NO,NOUN,,CONCEPT ,,ABSTRACT,
butter,FOOD,TASTE,YES,NOUN,,OBJECT,,CONCRETE,
cement,HOUSE|INDUSTRY|MATERIAL,TOUCH,YES,NOUN,,OBJECT,,CONCRETE,
horror,CATASTROPHE|ENTERTAINMENT|FEELING,,NO,NOUN,,,,CONCRETE,
infant,FAMILY|PEOPLE,,NO,NOUN,,PERSON,,CONCRETE,
shadow,CRIME|NATURE,,NO,NOUN,,,,CONCRETE,
ghetto,LOCATION,,NO,NOUN,,LOCATION,,CONCRETE,
excuse,JUSTICE|RELIGION,,NO,VERB,,,,CONCRETE,
ballot,POLITICS,,NO,NOUN,,,,CONCRETE,scrutin|vote
shower,HOUSE,,YES,VERB,NOUN,OBJECT,,CONCRETE,
bodice,MODE,,NO,NOUN,,,,CONCRETE,corsage
fright,CATASTROPHE|FEELING,,NO,NOUN,,SENTIMENT,,ABSTRACT,
vortex,SCIENCE,,NO,NOUN,,,,CONCRETE,
mentor,SCHOOL|POLITICS|RELIGION|PEOPLE,,NO,NOUN,,PERSON,,CONCRETE,
casino,INDUSTRY|MONEY|LOCATION,,NO,NOUN,,LOCATION,,CONCRETE,
canopy,NATURE|HOUSE,,NO,NOUN,,,,CONCRETE,baldaquin|marquise|voute formee par les arbres
hearse,DEATH,,NO,NOUN,,,,CONCRETE,corbillard
trench,ARMY,,NO,NOUN,,,,CONCRETE,tranchee
stigma,CRIME|,,NO,NOUN,,,,CONCRETE,infamie
felony,CRIME|,,NO,NOUN,,,,CONCRETE,crime
blazer,MODE,,NO,NOUN,,OBJECT,,CONCRETE,
umpire,SPORT|JUSTICE|PEOPLE,,NO,VERB,NOUN,PERSON,,CONCRETE,arbitre
process,INDUSTRY|MOVE,,NO,NOUN,,EVENT,,ABSTRACT,
company,INDUSTRY|LOCATION,,NO,NOUN,,PERSON,,CONCRETE,
success,GLORY,,NO,NOUN,,,,ABSTRACT,
primary,PHILOSOPHY|SCHOOL|DISTINCT,,NO,NOUN,,,,ABSTRACT,
meeting,INDUSTRY|POLITICS,,NO,VERB,,EVENT,,CONCRETE,
station,INDUSTRY|TRANSPORT|LOCATION,,NO,NOUN,,LOCATION,,CONCRETE,
despite,ABSTRACT,,NO,SCONJ,,,,ABSTRACT,
justice,JUSTICE,,NO,NOUN,,PERSON,,ABSTRACT,
current,TIME,,NO,ADJ,,TIME,,ABSTRACT,
forward,MOVE,,NO,ADV,,,,ABSTRACT,
writing,SCHOOL|LANGUAGE,,NO,VERB,,,,CONCRETE,
meaning,SCHOOL|LANGUAGE|MESSAGE,,NO,VERB,,,,ABSTRACT,
element,NATURE|QUANTITY,,NO,NOUN,,,,CONCRETE,
storage,INDUSTRY,,NO,NOUN,,,,CONCRETE,
display,MOVE|ENTERTAINMENT,VUE,NO,VERB,NOUN,,,CONCRETE,
advance,MOVE|MONEY,,NO,VERB,,,,CONCRETE,
traffic,TRANSPORT,,NO,NOUN,,EVENT,,CONCRETE,
content,PHILOSOPHY,,NO,NOUN,,,,CONCRETE,
mention,LANGUAGE|MESSAGE,,NO,VERB,NOUN,,,CONCRETE,
welcome,ABSTRACT,,NO,VERB,ADV,,,CONCRETE,
chinese,PEOPLE,,NO,ADJ,,PERSON,,CONCRETE,
senator,POLITICS|PEOPLE,,NO,NOUN,,PERSON,,CONCRETE,
payment,INDUSTRY|MONEY,,NO,NOUN,,,,CONCRETE,
library,SCHOOL|BOOK|LOCATION,,NO,NOUN,,LOCATION,,CONCRETE,
lighter,DEVICE,VUE,NO,ADJ,,,,CONCRETE,
neglect,SEPARATION,,NO,VERB,,SENTIMENT,,CONCRETE,
despair,CATASTROPHE|FEELING,,NO,NOUN,,SENTIMENT,,ABSTRACT,
stretch,BODY|SPORT,,NO,VERB,,,,CONCRETE,
reverse,ABSTRACT,,NO,VERB,NOUN,,,ABSTRACT,
nursery,MEDICAL|LOCATION,,NO,NOUN,,LOCATION,,CONCRETE,
textile,INDUSTRY|MODE|MATERIAL,TOUCH,YES,NOUN,,,,CONCRETE,
abandon,MOVE|SEPARATION,,NO,VERB,,,,CONCRETE,
inquiry,JUSTICE|CRIME,,NO,NOUN,,,,CONCRETE,
transit,TRAVEL,,NO,VERB,,,,CONCRETE,
transom,TRANSPORT,,NO,NOUN,,,,CONCRETE,
charter,MESSAGE,,NO,NOUN,,,,CONCRETE,
eclipse,NATURE,,NO,NOUN,,,,CONCRETE,
discord,SEPARATION|POLITICS,,NO,NOUN,,,,CONCRETE,
leprosy,MEDICAL|DEATH,,NO,NOUN,,,,CONCRETE,
blemish,CLEANNESS,,NO,VERB,NOUN,,,CONCRETE,defaut|imperfection|entacher
cascade,NATURE,,NO,NOUN,,,,CONCRETE,
embargo,ARMY|SEPARATION,,NO,NOUN,,EVENT,,CONCRETE,
consort,PEOPLE|POLITICS,,NO,NOUN,,PERSON,,CONCRETE,
tantrum,FEELING,,NO,NOUN,,,,CONCRETE,colere
sapling,NATURE,,NO,VERB,,,,CONCRETE,jeune arbre
gourmet,FOOD,TASTE,NO,NOUN,,,,CONCRETE,
algebra,SCIENCE|ABSTRACT,,NO,NOUN,,,,ABSTRACT,
alimony,MONEY,,NO,NOUN,,,,CONCRETE,
addition,SCIENCE|QUANTITY,,NO,NOUN,,,,CONCRETE,
pressure,MOVE|CATASTROPHE|FEELING,,NO,NOUN,,,,ABSTRACT,
possible,PHILOSOPHY|ABSTRACT,,NO,ADJ,,CONCEPT ,,ABSTRACT,
material,INDUSTRY|MATERIAL,TOUCH,YES,NOUN,,OBJECT,,CONCRETE,
marriage,FAMILY,,NO,NOUN,,EVENT,,CONCRETE,
decision,POLITICS|MEDICAL|MESSAGE,,NO,NOUN,,,,CONCRETE,
hospital,MEDICAL|LOCATION,,NO,NOUN,,LOCATION,,CONCRETE,
standard,ABSTRACT|DISTINCT,,NO,ADJ,,CONCEPT ,,ABSTRACT,
language,LANGUAGE|MESSAGE,,NO,NOUN,,CONCEPT ,,ABSTRACT,
audience,PEOPLE|ENTERTAINMENT,,NO,NOUN,,ORGANISM,,CONCRETE,
increase,MONEY|MOVE,,NO,VERB,,,,CONCRETE,
continue,MOVE,,NO,VERB,,,,CONCRETE,
response,LANGUAGE|MESSAGE,,NO,NOUN,,,,CONCRETE,
relation,FAMILY|PEOPLE|SCIENCE,,NO,NOUN,,,,ABSTRACT,
occasion,ABSTRACT|TIME,,NO,NOUN,,EVENT,,CONCRETE,
superior,INDUSTRY|PEOPLE|SCIENCE|DISTINCT,,NO,ADJ,NOUN,PERSON,,CONCRETE,
conflict,ARMY|SEPARATION,,NO,NOUN,,EVENT,,CONCRETE,
assembly,POLITICS|PEOPLE,,NO,NOUN,,ORGANISM,,CONCRETE,
campaign,POLITICS,,NO,NOUN,,EVENT,,CONCRETE,
catholic,RELIGION|PEOPLE,,NO,ADJ,,ORGANISM,,CONCRETE,
attorney,POLITICS,,NO,NOUN,,PERSON,,CONCRETE,
contrast,SEPARATION|ABSTRACT,,NO,NOUN,,CONCEPT ,,CONCRETE,
location,NATURE|LOCATION,,NO,NOUN,,LOCATION,,CONCRETE,
domestic,PEOPLE|GOVERN,,NO,ADJ,,PERSON,,CONCRETE,
luncheon,FOOD,TASTE,NO,NOUN,,EVENT,,CONCRETE,dejeuner
accident,CRIME|CATASTROPHE|DEATH,,NO,NOUN,,EVENT,,CONCRETE,
monument,GLORY|LOCATION,,NO,NOUN,,LOCATION,,CONCRETE,
prospect,MOVE|PHILOSOPHY,,NO,VERB,NOUN,ACTION,,CONCRETE,
facility,INDUSTRY|LOCATION,,NO,NOUN,,LOCATION,,CONCRETE,
barbecue,DEVICE|ENTERTAINMENT,,YES,NOUN,,EVENT,,CONCRETE,
emission,MOVE|INDUSTRY|MESSAGE,,NO,NOUN,,ACTION,,CONCRETE,
devotion,FAMILY|RELIGION|FEELING,,NO,NOUN,,CONCEPT ,,CONCRETE,
heritage,FAMILY|POLITICS|DEATH,,NO,NOUN,,CONCEPT ,,CONCRETE,
validity,SCIENCE,,NO,NOUN,,CONCEPT ,,ABSTRACT,
humanity,PHILOSOPHY,,NO,NOUN,,CONCEPT ,,ABSTRACT,
ideology,PHILOSOPHY|POLITICS|RELIGION,,NO,NOUN,,CONCEPT ,,ABSTRACT,
syndrome,MEDICAL|ABSTRACT,,NO,NOUN,,,,ABSTRACT,
exemplar,QUANTITY,,NO,ADJ,,CONCEPT ,,ABSTRACT,
impurity,RELIGION|SCIENCE|CLEANNESS,,NO,NOUN,,,,ABSTRACT,
physique,MOVE|BODY|SPORT,,NO,NOUN,,,,CONCRETE,
breakage,MOVE|CRIME,,NO,NOUN,,EVENT,,CONCRETE,
travesty,ENTERTAINMENT,,NO,NOUN,VERB,CONCEPT ,,CONCRETE,
magnolia,NATURE,SMELL,YES,NOUN,,OBJECT,,CONCRETE,
stiletto,CRIME|DEVICE|MODE,,NO,NOUN,,,,CONCRETE,
variance,SCIENCE,,NO,NOUN,,,,ABSTRACT,
syllable,LANGUAGE,,NO,NOUN,,,,CONCRETE,
hypnosis,MEDICAL|,,NO,NOUN,,CONCEPT ,,ABSTRACT,
infusion,FOOD,SMELL,NO,NOUN,,OBJECT,,CONCRETE,
real,PHILOSOPHY,,NO,ADJ,,,,CONCRETE,
wish,BODY|RELIGION|PHILOSOPHY,,NO,VERB,,,,CONCRETE,
east,LOCATION,,NO,ADV,,,,CONCRETE,
firm,INDUSTRY,,NO,NOUN,,ORGANISM,,CONCRETE,
girl,FAMILY|PEOPLE,,NO,NOUN,,PERSON,,CONCRETE,
jazz,MUSIC,SOUND,NO,PROPN,,CONCEPT ,,CONCRETE,
care,MEDICAL|FAMILY,,NO,VERB,,CONCEPT ,,CONCRETE,
past,TIME,,NO,ADJ,,TIME,,ABSTRACT,
wall,POLITICS|HOUSE,,NO,NOUN,,OBJECT,,CONCRETE,
half,QUANTITY,,NO,NOUN,,,,ABSTRACT,
deep,PHILOSOPHY,,NO,ADV,,,,CONCRETE,
door,HOUSE|LOCATION,,YES,NOUN,,OBJECT,,CONCRETE,
bank,MONEY|INDUSTRY|LOCATION,,NO,NOUN,,LOCATION,,CONCRETE,
self,BODY,,NO,NOUN,,PERSON,,CONCRETE,
save,MONEY|GLORY,,NO,VERB,,,,CONCRETE,
nose,BODY,SMELL,YES,NOUN,,,,CONCRETE,
tour,MOVE|TRAVEL,,NO,VERB,NOUN,EVENT,,CONCRETE,
hero,POLITICS|PEOPLE|GLORY|ARMY,,NO,NOUN,,PERSON,,CONCRETE,
rule,POLITICS|ARMY|GOVERN,,NO,NOUN,,,,CONCRETE,
lady,POLITICS|PEOPLE,,NO,PROPN,NOUN,PERSON,,CONCRETE,
king,POLITICS|GOVERN|PEOPLE,,NO,NOUN,PROPN,PERSON,,CONCRETE,
wire,INDUSTRY|MATERIAL,TOUCH,YES,NOUN,,OBJECT,,CONCRETE,
goal,PHILOSOPHY|SPORT,,NO,NOUN,,,,CONCRETE,
item,INDUSTRY|DEVICE|QUANTITY,,YES,NOUN,,OBJECT,,CONCRETE,
acid,MEDICAL|SCIENCE|ARMY,TASTE,NO,ADJ,NOUN,OBJECT,,CONCRETE,
soup,FOOD,TASTE,YES,NOUN,,OBJECT,,CONCRETE,
bore,PHILOSOPHY|FEELING,,NO,VERB,NOUN,ACTION,,CONCRETE,
chip,NATURE,,YES,NOUN,,,,CONCRETE,puce
host,FAMILY|PEOPLE,,NO,NOUN,VERB,PERSON,,CONCRETE,
bunk,HOUSE|DEVICE|ARMY,,YES,PROPN,,,,CONCRETE,"lit de camp,couchette"
wise,PHILOSOPHY|JUSTICE|RELIGION,,NO,ADJ,,SENTIMENT,,ABSTRACT,
debt,INDUSTRY|POLITICS|MONEY,,NO,NOUN,,EVENT,,CONCRETE,
pity,MONEY|POLITICS|INDUSTRY|JUSTICE,,NO,NOUN,,SENTIMENT,,ABSTRACT,
trim,INDUSTRY,,NO,VERB,,,,CONCRETE,"couper,tailler,affuter"
pond,NATURE|LOCATION,,NO,NOUN,,LOCATION,,CONCRETE,
silk,INDUSTRY|MODE|MATERIAL,TOUCH,YES,NOUN,,OBJECT,,CONCRETE,soie
diva,ENTERTAINMENT|PEOPLE,,NO,PROPN,,PERSON,,CONCRETE,
pore,BODY,,NO,VERB,,,,CONCRETE,
blob,NATURE|QUANTITY,,NO,PROPN,,,,CONCRETE,"forme indistincte, floue"
wisp,QUANTITY|NATURE,,YES,NOUN,,,,CONCRETE,brindille
hunk,QUANTITY,,YES,NOUN,,,,CONCRETE,gros morceau
lava,NATURE|MATERIAL,,YES,NOUN,,OBJECT,,CONCRETE,
rink,ENTERTAINMENT|LOCATION,,NO,NOUN,,LOCATION,,CONCRETE,patinoire
pawn,MONEY|ARMY|ENTERTAINMENT,,NO,NOUN,,,,CONCRETE,pion
gist,RELIGION|PHILOSOPHY,,NO,NOUN,,CONCEPT ,,ABSTRACT,"idee generale, sens"
cusp,MOVE|CRIME,,NO,PROPN,,,,CONCRETE,
brig,MOVE|CRIME,,NO,VERB,,,,CONCRETE,brigantin
shah,POLITICS|RELIGION|GOVERN|PEOPLE,,NO,NOUN,,,,CONCRETE,roi iran
truth,PHILOSOPHY|JUSTICE,,NO,NOUN,,CONCEPT ,,ABSTRACT,
style,PHILOSOPHY|MODE,,NO,NOUN,,CONCEPT ,,ABSTRACT,
story,ENTERTAINMENT,SOUND,NO,NOUN,,EVENT,,CONCRETE,
radio,ENTERTAINMENT|DEVICE,SOUND,YES,NOUN,,OBJECT,,CONCRETE,
month,TIME,,NO,NOUN,,TIME,,ABSTRACT,
woman,FAMILY|PEOPLE,,YES,NOUN,,PERSON,,CONCRETE,
white,NATURE,VUE,NO,PROPN,,CONCEPT ,,CONCRETE,
floor,HOUSE|LOCATION,,NO,NOUN,,LOCATION,,CONCRETE,
moral,RELIGION|JUSTICE|SCHOOL|MESSAGE,,NO,ADJ,,CONCEPT ,,ABSTRACT,
staff,INDUSTRY|PEOPLE,,NO,NOUN,,PERSON,,CONCRETE,
force,PHILOSOPHY|ARMY|POLITICS,,NO,NOUN,,CONCEPT ,,ABSTRACT,
visit,MOVE|TRAVEL,,NO,VERB,,EVENT,,ABSTRACT,
shore,NATURE,,NO,NOUN,,LOCATION,,CONCRETE,rivage
spite,PHILOSOPHY|CRIME|JUSTICE,,NO,VERB,,CONCEPT ,,ABSTRACT,depit|mechancete
depth,PHILOSOPHY,,NO,NOUN,,,,ABSTRACT,
phase,MOVE,,NO,NOUN,,,,ABSTRACT,
offer,MONEY|INDUSTRY,,NO,VERB,NOUN,ACTION,,ABSTRACT,
truck,INDUSTRY|TRANSPORT|,,YES,NOUN,,OBJECT,,CONCRETE,
sweet,FOOD|FAMILY,TASTE,NO,ADJ,,SENTIMENT,,CONCRETE,
trust,PHILOSOPHY|FAMILY,,NO,VERB,NOUN,CONCEPT ,,ABSTRACT,
stone,NATURE|MATERIAL,TOUCH,YES,NOUN,,OBJECT,,CONCRETE,
cross,RELIGION|SCIENCE,,YES,VERB,,OBJECT,,CONCRETE,
shift,MOVE,,NO,VERB,NOUN,ACTION,,CONCRETE,
youth,FAMILY,,NO,NOUN,,PERSON,,CONCRETE,
stern,FEELING,,NO,ADJ,,SENTIMENT,,ABSTRACT,strict
stuff,INDUSTRY,,NO,NOUN,,OBJECT,,CONCRETE,
craft,INDUSTRY,,NO,VERB,NOUN,ACTION,,CONCRETE,
quest,MOVE|TRAVEL,,NO,NOUN,,,,ABSTRACT,
shirt,MODE,,YES,NOUN,,OBJECT,,CONCRETE,
nerve,BODY,,YES,NOUN,,OBJECT,,CONCRETE,
shell,NATURE,,NO,PROPN,,OBJECT,,CONCRETE,
movie,ENTERTAINMENT,VUE,NO,NOUN,,CONCEPT ,,CONCRETE,
spark,QUANTITY|INDUSTRY,,NO,VERB,NOUN,,,CONCRETE,etincelle
lever,DEVICE|INDUSTRY,,NO,NOUN,,,,ABSTRACT,
array,SCIENCE,,YES,NOUN,,,,CONCRETE,tableau
fence,HOUSE|NATURE,,YES,NOUN,,OBJECT,,CONCRETE,
spoof,ENTERTAINMENT,,NO,NOUN,,EVENT,,CONCRETE,parodie
curio,ENTERTAINMENT,,NO,PROPN,,CONCEPT ,,CONCRETE,objet de curiosite
bravo,ENTERTAINMENT,,NO,PROPN,,,,ABSTRACT,
blush,BODY,,NO,VERB,NOUN,,,CONCRETE,
sloop,ENTERTAINMENT,,NO,NOUN,,,,CONCRETE,type de bateau
nasal,BODY,SMELL,NO,PROPN,,,,ABSTRACT,
sneak,MOVE,,NO,VERB,,ACTION,,CONCRETE,"se faufiler, se glisser"
quirk,PHILOSOPHY,,NO,NOUN,,,,CONCRETE,"excentricite, bizzarerie"
query,SCHOOL|INDUSTRY,,NO,VERB,NOUN,ACTION,,CONCRETE,quete
genre,ENTERTAINMENT,,NO,NOUN,,,,ABSTRACT,
crust,FOOD,TASTE,YES,NOUN,,OBJECT,,CONCRETE,
swirl,MOVE,,NO,VERB,NOUN,ACTION,,CONCRETE,tourbillloner
police,JUSTICE|CRIME|ARMY|PEOPLE,,NO,NOUN,,PERSON,,CONCRETE,
middle,NATURE|LOCATION,,NO,ADJ,,LOCATION,,ABSTRACT,
degree,SCIENCE|SCHOOL|QUANTITY,,NO,NOUN,,,,CONCRETE,
market,FOOD|INDUSTRY|LOCATION,TASTE,NO,NOUN,,LOCATION,,CONCRETE,
member,RELIGION|POLITICS|FAMILY|PEOPLE,,NO,NOUN,,PERSON,,CONCRETE,
volume,SCIENCE|QUANTITY,,NO,NOUN,,OBJECT,,CONCRETE,
modern,TIME|ABSTRACT,,NO,ADJ,,CONCEPT ,,ABSTRACT,
policy,POLITICS|JUSTICE|MESSAGE,,NO,NOUN,,,,CONCRETE,
effort,ARMY|MOVE|SPORT,,NO,NOUN,,,,CONCRETE,
matter,PHILOSOPHY,,NO,ADV,,,,ABSTRACT,
public,POLITICS|ENTERTAINMENT|PEOPLE,,NO,ADJ,,PERSON,,CONCRETE,
window,HOUSE,,YES,NOUN,,OBJECT,,CONCRETE,
bottom,NATURE|LOCATION,,NO,NOUN,,LOCATION,,CONCRETE,
breath,BODY|MOVE|FEELING,,NO,NOUN,,ACTION,,CONCRETE,
winter,NATURE|TIME,,NO,NOUN,,TIME,,CONCRETE,
talent,SCHOOL|ABSTRACT,,NO,NOUN,,CONCEPT ,,CONCRETE,
notion,PHILOSOPHY|SCIENCE|SCHOOL,,NO,NOUN,,CONCEPT ,,CONCRETE,
appeal,MOVE,,NO,VERB,NOUN,ACTION,,CONCRETE,
cousin,FAMILY|PEOPLE,,NO,NOUN,,PERSON,,CONCRETE,
double,ENTERTAINMENT|QUANTITY,,NO,VERB,ADJ,ACTION,,CONCRETE,
excess,QUANTITY|CRIME,,NO,ADJ,,,,CONCRETE,
female,FAMILY|BODY|PEOPLE,,YES,NOUN,,PERSON,,CONCRETE,
senate,POLITICS|PEOPLE,,NO,PROPN,NOUN,ORGANISM,,CONCRETE,
factor,INDUSTRY|SCIENCE|QUANTITY,,NO,NOUN,,PERSON,,CONCRETE,
pistol,ARMY|DEVICE|CRIME|DEATH,,YES,NOUN,,OBJECT,,CONCRETE,
ribbon,INDUSTRY|MODE,,YES,NOUN,,OBJECT,,CONCRETE,
clergy,RELIGION|PEOPLE,,NO,PROPN,NOUN,ORGANISM,,CONCRETE,
sermon,SCHOOL|RELIGION|JUSTICE|MESSAGE,,NO,PROPN,,ACTION,,CONCRETE,
cancer,MEDICAL|DEATH,,NO,NOUN,,,,CONCRETE,
cereal,FOOD,TASTE,YES,NOUN,,OBJECT,,CONCRETE,
marble,INDUSTRY|NATURE|MATERIAL,TOUCH,YES,NOUN,,OBJECT,,CONCRETE,
phrase,SCHOOL|LANGUAGE|MESSAGE,,NO,NOUN,,,,CONCRETE,
morale,SCHOOL|RELIGION|JUSTICE|MESSAGE,,NO,NOUN,,CONCEPT ,,ABSTRACT,
cavity,NATURE|LOCATION,,NO,NOUN,,LOCATION,,CONCRETE,
divine,PHILOSOPHY|RELIGION,,NO,VERB,,CONCEPT ,,ABSTRACT,
tenure,SCHOOL|TIME|POLITICS|JUSTICE,,NO,NOUN,,TIME,,CONCRETE,"fonction, mandat"
cipher,SCIENCE|SCHOOL|MONEY|ARMY,,NO,PROPN,,CONCEPT ,,CONCRETE,
belfry,RELIGION,,NO,NOUN,,OBJECT,,CONCRETE,clocher
crater,NATURE,,NO,NOUN,,LOCATION,,CONCRETE,
covert,HOUSE|NATURE,,NO,ADJ,,LOCATION,,CONCRETE,"abri, terrier"
cavern,NATURE|LOCATION,,NO,NOUN,,LOCATION,,CONCRETE,
oracle,RELIGION|PEOPLE,,NO,NOUN,,PERSON,,CONCRETE,
libido,BODY|FEELING,,NO,NOUN,,,,ABSTRACT,
gender,BODY,,NO,NOUN,,,,CONCRETE,
heresy,RELIGION|CRIME,,NO,NOUN,,CONCEPT ,,CONCRETE,
anthem,POLITICS|MUSIC,SOUND,NO,NOUN,,CONCEPT ,,CONCRETE,
trauma,BODY|PHILOSOPHY|CATASTROPHE|FEELING,,NO,VERB,,SENTIMENT,,ABSTRACT,
zombie,ENTERTAINMENT|PEOPLE,,NO,NOUN,,PERSON,,CONCRETE,
society,POLITICS|INDUSTRY,,NO,NOUN,,ORGANISM,,ABSTRACT,
control,POLITICS|ARMY|JUSTICE|GOVERN,,NO,VERB,NOUN,,,CONCRETE,
feeling,PHILOSOPHY|FEELING,,NO,VERB,NOUN,SENTIMENT,,CONCRETE,
quality,INDUSTRY,,NO,NOUN,,CONCEPT ,,CONCRETE,
officer,ARMY|PEOPLE,,NO,NOUN,,PERSON,,CONCRETE,
special,ABSTRACT|DISTINCT,,NO,ADJ,,,,CONCRETE,
evening,TIME,,NO,NOUN,,TIME,,CONCRETE,
student,SCHOOL|SCIENCE,,NO,NOUN,,PERSON,,CONCRETE,
subject,SCIENCE|MEDICAL|PEOPLE,,NO,NOUN,,PERSON,,CONCRETE,
outside,NATURE|LOCATION,,NO,ADV,,LOCATION,,CONCRETE,
surface,SCIENCE|HOUSE,,NO,NOUN,,,,CONCRETE,
hundred,QUANTITY|SCIENCE,,NO,NUM,,,,CONCRETE,
musical,ENTERTAINMENT|MUSIC,SOUND,NO,ADJ,NOUN,EVENT,,CONCRETE,
removal,POLITICS,,NO,NOUN,,,,CONCRETE,
contact,FAMILY|PEOPLE,,NO,NOUN,VERB,PERSON,,CONCRETE,
shelter,HOUSE|LOCATION,,NO,NOUN,VERB,LOCATION,,CONCRETE,
minimum,QUANTITY|,,NO,NOUN,,,,CONCRETE,
variety,MUSIC|QUANTITY,SOUND,NO,NOUN,,,,ABSTRACT,
holding,INDUSTRY,,NO,VERB,NOUN,,,CONCRETE,
cutting,QUANTITY,,NO,VERB,ADJ,ACTION,,CONCRETE,
village,LOCATION,,NO,NOUN,,LOCATION,,CONCRETE,
benefit,MONEY|INDUSTRY,,NO,VERB,NOUN,,,CONCRETE,
conduct,SCIENCE|INDUSTRY|GOVERN,,NO,VERB,,ACTION,,CONCRETE,
express,PHILOSOPHY|POLITICS,SOUND,NO,VERB,NOUN,ACTION,,CONCRETE,
horizon,NATURE|PHILOSOPHY,,NO,NOUN,,,,ABSTRACT,
triumph,ARMY|POLITICS|GLORY|DISTINCT,,NO,NOUN,VERB,EVENT,,ABSTRACT,
turmoil,POLITICS|MOVE,,NO,NOUN,,,,ABSTRACT,"agitation, trouble"
collect,MONEY|MOVE,,NO,VERB,NOUN,,,CONCRETE,
battery,INDUSTRY,,YES,NOUN,,OBJECT,,CONCRETE,
lantern,INDUSTRY|DEVICE,VUE,YES,NOUN,,OBJECT,,CONCRETE,
dilemma,SCIENCE|PHILOSOPHY|FEELING,,NO,NOUN,,CONCEPT ,,ABSTRACT,
pitcher,INDUSTRY|PEOPLE,,NO,NOUN,,PERSON,,CONCRETE,
painter,INDUSTRY|ENTERTAINMENT|PEOPLE,VUE,NO,NOUN,,PERSON,,CONCRETE,
urgency,MEDICAL|MOVE,,NO,NOUN,,EVENT,,ABSTRACT,
theorem,SCIENCE|SCHOOL,,NO,NOUN,,CONCEPT ,,ABSTRACT,
veteran,ARMY|PEOPLE,,NO,NOUN,,PERSON,,CONCRETE,
brewery,FOOD|LOCATION,TASTE,NO,NOUN,,LOCATION,,CONCRETE,
scuffle,ARMY|CRIME|POLITICS|SEPARATION,TOUCH,NO,NOUN,VERB,EVENT,,CONCRETE,bagarre
majesty,POLITICS|GOVERN|PEOPLE,,NO,PROPN,NOUN,PERSON,,CONCRETE,
inferno,PHILOSOPHY|RELIGION|DEATH|LOCATION,,NO,PROPN,NOUN,,,ABSTRACT,
buffoon,ENTERTAINMENT,,NO,NOUN,,,,CONCRETE,
muffler,MODE,,NO,NOUN,,,,CONCRETE,Cache-cou
vanilla,FOOD,SMELL|TASTE,NO,NOUN,,,,CONCRETE,
lunatic,FEELING|MEDICAL,,NO,ADJ,,SENTIMENT,,CONCRETE,dement|fou|aliene
canteen,SCHOOL|FOOD|LOCATION,,NO,NOUN,,LOCATION,,CONCRETE,
mockery,PHILOSOPHY,,NO,NOUN,,,,ABSTRACT,
redress,MODE|SCHOOL|INDUSTRY,,NO,NOUN,VERB,,,CONCRETE,
fluency,PHILOSOPHY|LANGUAGE,,NO,NOUN,,,,ABSTRACT,
straight,PHILOSOPHY,,NO,ADV,ADJ,,,CONCRETE,
movement,POLITICS|MOVE|ENTERTAINMENT,,NO,NOUN,,ACTION,,CONCRETE,
research,SCIENCE|SCHOOL|INDUSTRY|PHILOSOPHY,,NO,NOUN,VERB,ACTION,,ABSTRACT,
industry,INDUSTRY,,NO,NOUN,,,,CONCRETE,
religion,RELIGION,,NO,NOUN,,,,CONCRETE,
congress,POLITICS|PEOPLE,,NO,NOUN,PROPN,ORGANISM,,CONCRETE,
interest,SCHOOL|PHILOSOPHY|MONEY|DISTINCT,,NO,NOUN,,CONCEPT ,,CONCRETE,
business,INDUSTRY|MONEY,,NO,NOUN,ADJ,ACTION,,CONCRETE,
children,FAMILY|PEOPLE|SCHOOL,,NO,NOUN,,PERSON,,CONCRETE,
original,PHILOSOPHY,,NO,ADJ,,CONCEPT ,,CONCRETE,
question,SCIENCE|SCHOOL|MESSAGE|PHILOSOPHY,,NO,NOUN,,CONCEPT ,,CONCRETE,
thousand,SCIENCE|QUANTITY|MONEY,,NO,NUM,,CARDINAL,,CONCRETE,
railroad,TRANSPORT|LOCATION,,NO,NOUN,,LOCATION,,CONCRETE,
negative,SCIENCE|PHILOSOPHY|CATASTROPHE,,NO,ADJ,,,,CONCRETE,
aircraft,INDUSTRY|TRANSPORT|TRAVEL,,YES,NOUN,,OBJECT,,CONCRETE,
exchange,MONEY|INDUSTRY|MOVE|TRAVEL,,NO,NOUN,VERB,,,CONCRETE,
parallel,SCIENCE|ABSTRACT,,NO,ADJ,"NOUN,VERB",CONCEPT ,,CONCRETE,
contract,INDUSTRY|MEDICAL|MONEY,,NO,NOUN,"VERB,ADJ",,,CONCRETE,
interior,HOUSE|LOCATION,,NO,ADJ,NOUN,,,CONCRETE,
creation,RELIGION|INDUSTRY|MOVE|ABSTRACT,,NO,NOUN,,,,CONCRETE,
doctrine,RELIGION|POLITICS|GOVERN,,NO,NOUN,,CONCEPT ,,CONCRETE,
republic,POLITICS|GOVERN,,NO,NOUN,PROPN,PERSON,,CONCRETE,
surprise,ENTERTAINMENT|PHILOSOPHY|FEELING,,NO,NOUN,VERB,,,CONCRETE,
engineer,SCIENCE|INDUSTRY|PEOPLE,,NO,NOUN,VERB,PERSON,,CONCRETE,
civilian,POLITICS|PEOPLE,,NO,NOUN,,PERSON,,CONCRETE,
cardinal,RELIGION|PEOPLE,,NO,NOUN,"ADJ,PROPN",PERSON,,CONCRETE,
champion,GLORY|SPORT|PEOPLE,,NO,NOUN,VERB,PERSON,,CONCRETE,
momentum,SCIENCE|MOVE,,NO,NOUN,,,,CONCRETE,
ambition,POLITICS|PHILOSOPHY|FEELING,,NO,NOUN,,SENTIMENT,,CONCRETE,
minority,POLITICS|PEOPLE|QUANTITY,,NO,NOUN,,ORGANISM,,CONCRETE,
electron,SCIENCE,,NO,NOUN,,,,CONCRETE,
customer,INDUSTRY|PEOPLE,,NO,NOUN,,PERSON,,CONCRETE,
graduate,SCHOOL|SCIENCE|PEOPLE,,NO,NOUN,"ADJ,VERB",PERSON,,CONCRETE,
calendar,TIME,,YES,NOUN,,OBJECT,,CONCRETE,
stockade,ARMY,,NO,NOUN,,,,CONCRETE,
duration,TIME,,NO,NOUN,,CONCEPT ,,ABSTRACT,
pacifist,ARMY|FEELING,,NO,NOUN,ADJ,,,CONCRETE,
clarinet,ARMY|FEELING,SOUND,YES,NOUN,,,,CONCRETE,
minstrel,ENTERTAINMENT,,NO,NOUN,,PERSON,,CONCRETE,
nautilus,NATURE,,NO,NOUN,PROPN,,,CONCRETE,classe de mollusques
subpoena,JUSTICE|CRIME,,NO,NOUN,,EVENT,,CONCRETE,
canister,DEVICE|ARMY,,YES,NOUN,,OBJECT,,CONCRETE,boite bombonnes
peroxide,MEDICAL|SCIENCE,,NO,VERB,,,,CONCRETE,
ordnance,MEDICAL|POLITICS|JUSTICE|MESSAGE,,NO,NOUN,,,,CONCRETE,
emissary,POLITICS|MESSAGE|PEOPLE,,NO,NOUN,,PERSON,,CONCRETE,
ablation,MEDICAL|,,NO,NOUN,,,,CONCRETE,
fracture,MEDICAL|ARMY,,NO,VERB,NOUN,,,CONCRETE,
materiel,DEVICE,,YES,NOUN,,OBJECT,,CONCRETE,
heat,NATURE|FEELING,,NO,NOUN,,,,CONCRETE,
test,SCHOOL|MEDICAL,,NO,NOUN,VERB,,,CONCRETE,
lack,QUANTITY|PHILOSOPHY,,NO,VERB,NOUN,CONCEPT ,,CONCRETE,
hell,NATURE|PHILOSOPHY|RELIGION|LOCATION,,NO,NOUN,,LOCATION,,CONCRETE,
stay,TRAVEL|MOVE,,NO,VERB,NOUN,,,CONCRETE,
wide,QUANTITY|NATURE,,NO,ADV,ADJ,CONCEPT ,,CONCRETE,
city,NATURE|LOCATION,,NO,NOUN,,LOCATION,,CONCRETE,
fire,NATURE,VUE|SOUND,YES,NOUN,VERB,EVENT,,CONCRETE,
rise,NATURE|RELIGION|PHILOSOPHY|MOVE,,NO,VERB,NOUN,,,CONCRETE,
mean,SCIENCE|FEELING|QUANTITY,,NO,VERB,NOUN,SENTIMENT,,CONCRETE,
club,DEVICE|ENTERTAINMENT,,YES,NOUN,,OBJECT,,CONCRETE,
deal,MONEY|INDUSTRY,,NO,NOUN,VERB,EVENT,,CONCRETE,
task,INDUSTRY,,NO,NOUN,,,,ABSTRACT,
term,PHILOSOPHY|SCIENCE|TIME,,NO,NOUN,,,,CONCRETE,
camp,ARMY|LOCATION,,NO,NOUN,VERB,LOCATION,,CONCRETE,
vice,PHILOSOPHY|JUSTICE|FEELING,,NO,NOUN,ADJ,CONCEPT ,,ABSTRACT,
moon,NATURE|LOCATION,,NO,NOUN,PROPN,LOCATION,,CONCRETE,
wild,NATURE|LOCATION,,NO,ADJ,,LOCATION,,CONCRETE,
fort,ARMY|LOCATION,,NO,NOUN,,LOCATION,,CONCRETE,
mine,BODY|PHILOSOPHY|NATURE|LOCATION,,NO,PRON,,,,CONCRETE,
cool,NATURE|FEELING,,NO,ADJ,,SENTIMENT,,CONCRETE,
tree,NATURE,,YES,NOUN,,OBJECT,,CONCRETE,
team,FAMILY|ARMY|PEOPLE,,NO,NOUN,"VERB,ADJ",PERSON,,CONCRETE,
cook,FOOD,SMELL|TASTE,NO,VERB,NOUN,ACTION,,CONCRETE,
nest,NATURE|HOUSE,,NO,NOUN,VERB,LOCATION,,CONCRETE,
tomb,DEATH|LOCATION,,YES,NOUN,,LOCATION,,CONCRETE,
lock,DEVICE,,YES,VERB,NOUN,OBJECT,,CONCRETE,
grab,BODY,TOUCH,NO,VERB,NOUN,ACTION,,CONCRETE,
ruin,CATASTROPHE,,NO,VERB,NOUN,ACTION|LOCATION,,CONCRETE,
wing,POLITICS|BODY|LOCATION,,NO,NOUN,VERB,,,CONCRETE,
cult,RELIGION|SPORT,,NO,NOUN,ADJ,,,CONCRETE,
bush,POLITICS|NATURE,,NO,PROPN,NOUN,OBJECT|PERSON,,CONCRETE,buisson
joke,ENTERTAINMENT,,NO,VERB,NOUN,CONCEPT ,,CONCRETE,
spit,MOVE,,NO,VERB,NOUN,,,CONCRETE,cracher
chin,BODY,,YES,NOUN,VERB,OBJECT,,CONCRETE,menton
cash,MONEY,,YES,NOUN,,OBJECT,,CONCRETE,
cove,NATURE|LOCATION,,NO,NOUN,VERB,LOCATION,,CONCRETE,crique
kale,FOOD,TASTE,YES,NOUN,PROPN,OBJECT,,CONCRETE,
goad,MOVE,,NO,VERB,NOUN,,,CONCRETE,provoquer|pousser a
omen,RELIGION|PHILOSOPHY,,NO,NOUN,VERB,,,CONCRETE,presage|augure
dope,MEDICAL|ENTERTAINMENT,,YES,NOUN,VERB,OBJECT,,CONCRETE,
gill,BODY,,NO,NOUN,,,,CONCRETE,branchies
loft,HOUSE|LOCATION,,NO,NOUN,PROPN,LOCATION,,CONCRETE,
thug,PEOPLE|CRIME,,NO,NOUN,,PERSON,,CONCRETE,
rasp,FOOD,,YES,VERB,NOUN,OBJECT,,CONCRETE,rape
cask,FOOD|INDUSTRY|QUANTITY,,YES,NOUN,VERB,OBJECT,,CONCRETE,tonneau
chum,PEOPLE|FAMILY,,NO,NOUN,,PERSON,,CONCRETE,copain
lute,MUSIC|ENTERTAINMENT,SOUND,YES,NOUN,,OBJECT,,CONCRETE,
money,MONEY,,NO,NOUN,,,,CONCRETE,
blood,MEDICAL|BODY,,YES,NOUN,,,,CONCRETE,
music,MUSIC,SOUND,NO,NOUN,,CONCEPT ,,CONCRETE,
paper,SCHOOL|SCIENCE|POLITICS|MESSAGE,,YES,NOUN,,OBJECT,,CONCRETE,
water,NATURE,TASTE,YES,NOUN,,OBJECT,,CONCRETE,
cause,POLITICS|PHILOSOPHY,,NO,VERB,NOUN,,,ABSTRACT,
chief,FOOD|POLITICS|INDUSTRY|RELIGION|PEOPLE,,NO,NOUN,,PERSON,,CONCRETE,
hotel,TRAVEL|LOCATION|ENTERTAINMENT,,NO,NOUN,,LOCATION,,CONCRETE,
plane,TRANSPORT|TRAVEL,,YES,NOUN,VERB,OBJECT,,CONCRETE,
doubt,PHILOSOPHY|FEELING,,NO,VERB,NOUN,SENTIMENT,,ABSTRACT,
earth,NATURE|MATERIAL|LOCATION,,NO,NOUN,PROPN,LOCATION,,CONCRETE,
voice,BODY|MESSAGE,SOUND,NO,NOUN,,CONCEPT ,,CONCRETE,
title,GLORY,,NO,NOUN,VERB,CONCEPT ,,ABSTRACT,
scale,QUANTITY,,NO,NOUN,VERB,CONCEPT ,,ABSTRACT,
grass,NATURE,TOUCH,YES,NOUN,,OBJECT,,CONCRETE,
index,SCIENCE|BODY,,NO,NOUN,VERB,CONCEPT ,,ABSTRACT,
award,GLORY,,NO,VERB,NOUN,,,CONCRETE,
metal,MUSIC|NATURE|MATERIAL,SOUND|TOUCH,NO,NOUN,,,,CONCRETE,
grace,RELIGION|BODY,,NO,NOUN,,,,ABSTRACT,
frame,HOUSE,,NO,NOUN,VERB,,,ABSTRACT,
focus,SCHOOL|SCIENCE|FEELING,,NO,VERB,NOUN,,,ABSTRACT,
chest,BODY,,YES,NOUN,,,,CONCRETE,
motor,DEVICE|INDUSTRY|MOVE,,YES,NOUN,,OBJECT,,CONCRETE,
sheet,QUANTITY,,YES,NOUN,,,,CONCRETE,
midst,LOCATION,,NO,NOUN,,LOCATION,,ABSTRACT,
waste,FOOD,,NO,VERB,NOUN,,,CONCRETE,
curse,RELIGION,,NO,VERB,NOUN,,,ABSTRACT,
glory,POLITICS|RELIGION|PHILOSOPHY|GLORY,,NO,NOUN,,,,ABSTRACT,
abuse,CRIME,,NO,NOUN,VERB,,,ABSTRACT,
cream,FOOD|MEDICAL,TASTE|TOUCH,YES,NOUN,,,,CONCRETE,
squad,PEOPLE|SPORTS|ARMY,,NO,NOUN,VERB,PERSON,,CONCRETE,
ranch,NATURE|LOCATION,,NO,NOUN,,LOCATION,,CONCRETE,
shaft,DEVICE,,YES,NOUN,VERB,,,CONCRETE,
venus,NATURE|RELIGION,,NO,NOUN,PROPN,LOCATION,,CONCRETE,
slice,QUANTITY,,NO,VERB,NOUN,OBJECT,,CONCRETE,
shelf,HOUSE,,NO,NOUN,,LOCATION,,CONCRETE,
craze,MODE|MOVE,,NO,VERB,NOUN,CONCEPT ,,CONCRETE,engouement
cleat,MODE|SPORT,,NO,NOUN,VERB,,,CONCRETE,crampons
sheen,ABSTRACT|DISTINCT,VUE,NO,NOUN,"ADJ,VERB",,,CONCRETE,eclat|luisant
plaza,ENTERTAINMENT|LOCATION,,NO,NOUN,,LOCATION,,CONCRETE,
fable,ENTERTAINMENT,SOUND,NO,NOUN,VERB,,,CONCRETE,
broil,FOOD,,NO,VERB,NOUN,ACTION,,CONCRETE,
lymph,BODY,,NO,NOUN,,OBJECT,,CONCRETE,
knoll,NATURE|QUANTITY,,NO,NOUN,VERB,,,CONCRETE,monticule
clove,FOOD,TASTE,YES,NOUN,,OBJECT,,CONCRETE,
crate,INDUSTRY|QUANTITY,,YES,NOUN,VERB,OBJECT,,CONCRETE,
hedge,NATURE,,YES,NOUN,VERB,OBJECT,,CONCRETE,haie
banjo,MUSIC,SOUND,YES,NOUN,PROPN,OBJECT,,CONCRETE,
nation,POLITICS,,NO,NOUN,,,,CONCRETE,
school,SCHOOL|LOCATION,,NO,NOUN,,,,CONCRETE,
weight,SCIENCE|QUANTITY,,NO,NOUN,VERB,,,ABSTRACT,
length,SCIENCE|QUANTITY,,NO,NOUN,,,,ABSTRACT,
report,INDUSTRY|POLITICS,,YES,NOUN,VERB,OBJECT,,CONCRETE,
answer,LANGUAGE|MESSAGE,,NO,NOUN,VERB,,,CONCRETE,
manner,PHILOSOPHY,,NO,NOUN,,CONCEPT ,,ABSTRACT,
design,INDUSTRY,VUE,NO,VERB,NOUN,,,ABSTRACT,
record,SPORT|GLORY,SOUND,NO,NOUN,VERB,,,CONCRETE,
charge,MONEY|SPORT,,NO,VERB,NOUN,,,CONCRETE,
extent,NATURE|PHILOSOPHY,,NO,NOUN,,,,ABSTRACT,
square,SCIENCE|LOCATION,,NO,ADJ,NOUN,,,CONCRETE,
signal,SCIENCE|ARMY,VUE,NO,NOUN,VERB,EVENT,,CONCRETE,
prison,CRIME|JUSTICE|LOCATION,,NO,NOUN,,LOCATION,,CONCRETE,
escape,CRIME|MOVE,,NO,VERB,"NOUN,ADJ",,,CONCRETE,
circle,SCIENCE,,NO,NOUN,,,,CONCRETE,
fellow,SCHOOL|PEOPLE,,NO,NOUN,"ADJ,VERB",PERSON,,CONCRETE,
sample,SCIENCE|QUANTITY,,NO,NOUN,VERB,OBJECT,,CONCRETE,
speech,POLITICS|LANGUAGE|MESSAGE,SOUND,NO,NOUN,,EVENT,,CONCRETE,
finger,BODY,,YES,NOUN,,,,CONCRETE,
device,DEVICE,,YES,NOUN,,OBJECT,,CONCRETE,
symbol,POLITICS|SCIENCE|RELIGION,,NO,NOUN,,PERSON,,ABSTRACT,
stream,NATURE,,NO,VERB,NOUN,LOCATION,,CONCRETE,
minute,TIME,,NO,NOUN,,TIME,,ABSTRACT,
whisky,FOOD,TASTE,YES,NOUN,,OBJECT,,CONCRETE,
debate,POLITICS|LANGUAGE,,NO,NOUN,VERB,EVENT,,CONCRETE,
flower,NATURE,SMELL,YES,NOUN,,OBJECT,,CONCRETE,
prayer,RELIGION|PEOPLE,,NO,NOUN,,PERSON,,CONCRETE,
expert,SCIENCE|PEOPLE,,NO,NOUN,,PERSON,,CONCRETE,
gossip,LANGUAGE|MESSAGE,,NO,NOUN,VERB,ACTION,,CONCRETE,
saloon,HOUSE|LOCATION,,NO,NOUN,,LOCATION,,CONCRETE,
lesson,SCHOOL|PHILOSOPHY|RELIGION,,NO,NOUN,,EVENT,,CONCRETE,
ritual,RELIGION,,NO,ADJ,NOUN,EVENT,,CONCRETE,
carpet,HOUSE|DEVICE,,YES,NOUN,,OBJECT,,CONCRETE,
wealth,MONEY|FEELING,,NO,NOUN,,,,ABSTRACT,
motive,PHILOSOPHY|CRIME,,NO,NOUN,"ADJ,VERB",,,CONCRETE,
morass,NATURE,,NO,NOUN,,LOCATION,,CONCRETE,marais|bourbier
pariah,PEOPLE,,NO,NOUN,,PERSON,,CONCRETE,
recess,MONEY,,NO,NOUN,VERB,,,CONCRETE,
ginger,FOOD|NATURE,SMELL|TASTE,YES,NOUN,,OBJECT,,CONCRETE,
hybrid,ABSTRACT,,NO,NOUN,ADJ,,,ABSTRACT,
pelvis,BODY,,YES,NOUN,,,,CONCRETE,
embryo,BODY,,NO,NOUN,,PERSON,,CONCRETE,
caucus,POLITICS,,NO,NOUN,,EVENT,,CONCRETE,election primaire
fetish,RELIGION,,NO,NOUN,,,,ABSTRACT,obsession| fetiche
malady,MEDICAL|,,NO,NOUN,,,,ABSTRACT,
maiden,PEOPLE|FAMILY,,NO,NOUN,,PERSON,,CONCRETE,
orphan,FAMILY|PEOPLE,,NO,NOUN,,PERSON,,CONCRETE,
machine,DEVICE|INDUSTRY,,YES,NOUN,,OBJECT,,CONCRETE,
history,TIME|PHILOSOPHY,,NO,NOUN,,TIME,,ABSTRACT,
opinion,PHILOSOPHY,,NO,NOUN,,,,ABSTRACT,
reading,LANGUAGE|BOOK,,NO,VERB,NOUN,ACTION,,CONCRETE,
pattern,SCIENCE,,NO,NOUN,,CONCEPT ,,CONCRETE,
morning,TIME,,NO,NOUN,ADJ,TIME,,ABSTRACT,
problem,SCIENCE|PHILOSOPHY,,NO,NOUN,,EVENT,,ABSTRACT,
freedom,PHILOSOPHY|ABSTRACT,,NO,NOUN,,CONCEPT ,,ABSTRACT,
nothing,QUANTITY|ABSTRACT,,NO,PRON,,CONCEPT ,,ABSTRACT,
average,SCIENCE|QUANTITY,,NO,ADJ,"VERB,NOUN",,,ABSTRACT,
picture,ENTERTAINMENT,VUE,YES,NOUN,VERB,OBJECT,,CONCRETE,
trouble,CRIME|JUSTICE|CATASTROPHE|CLEANNESS,,NO,NOUN,VERB,SENTIMENT,,CONCRETE,
portion,FOOD|QUANTITY,,NO,NOUN,,,,CONCRETE,
fiction,ENTERTAINMENT|PHILOSOPHY|BOOK,,NO,NOUN,,CONCEPT ,,ABSTRACT,
economy,MONEY|INDUSTRY,,NO,NOUN,,CONCEPT ,,ABSTRACT,
command,ARMY|POLITICS|GOVERN,,NO,VERB,NOUN,,,CONCRETE,
message,MESSAGE|LANGUAGE,,NO,NOUN,VERB,EVENT,,CONCRETE,
brother,FAMILY|RELIGION|ARMY|PERSON,,NO,NOUN,,PERSON,,CONCRETE,
faculty,PEOPLE|SCHOOL|LOCATION,,NO,NOUN,,PERSON|LOCATION,,CONCRETE,
promise,RELIGION,,NO,VERB,NOUN,CONCEPT ,,ABSTRACT,
culture,NATURE|ENTERTAINMENT,,NO,NOUN,,CONCEPT ,,ABSTRACT,
concept,PHILOSOPHY|ABSTRACT,,NO,NOUN,,CONCEPT ,,ABSTRACT,
teacher,SCHOOL|PEOPLE,,NO,NOUN,,PERSON,,CONCRETE,
victory,ARMY|POLITICS,,NO,NOUN,,EVENT,,CONCRETE,
mineral,NATURE|MATERIAL,,NO,NOUN,ADJ,OBJECT,,CONCRETE,
exhibit,ENTERTAINMENT|MOVE,,NO,VERB,,ACTION,,CONCRETE,
spectra,SCIENCE|QUANTITY,,NO,NOUN,,,,ABSTRACT,
observe,MOVE,VUE,NO,VERB,,ACTION,,CONCRETE,
worship,RELIGION,,NO,VERB,,ACTION,,CONCRETE,Adorer venerer
slavery,CRIME|GOVERN,,NO,NOUN,,CONCEPT ,,ABSTRACT,
journey,PHILOSOPHY|MOVE|TRAVEL,,NO,NOUN,,,,CONCRETE,
suspect,CRIME|JUSTICE|PEOPLE,,NO,VERB,,PERSON,,CONCRETE,
whisper,MESSAGE,,NO,NOUN,VERB,ACTION,,CONCRETE,
mistake,SCHOOL|CRIME|JUSTICE,,NO,NOUN,,,,CONCRETE,
cavalry,ARMY,,NO,NOUN,,PERSON,,CONCRETE,
boredom,PHILOSOPHY|FEELING,,NO,NOUN,,SENTIMENT,,ABSTRACT,
ovation,ENTERTAINMENT|MOVE,,NO,NOUN,,,,CONCRETE,
calvary,CATASTROPHE|ABSTRACT,,NO,NOUN,,,,ABSTRACT,
thicket,NATURE,,NO,VERB,,,,CONCRETE,taillis de branches basses
figment,INDUSTRY|BODY,,NO,NOUN,,CONCEPT ,,ABSTRACT,le fruit de qq chose
trawler,INDUSTRY|TRAVEL|TRANSPORT,,YES,NOUN,,OBJECT,,CONCRETE,chalutier
puberty,BODY|PHILOSOPHY,,NO,NOUN,,EVENT,,ABSTRACT,
apostle,RELIGION|PEOPLE,,NO,NOUN,,PERSON,,CONCRETE,
sibling,FAMILY|PEOPLE,,NO,NOUN,,PERSON,,CONCRETE,
persona,ENTERTAINMENT|PEOPLE,,NO,NOUN,,PERSON,,CONCRETE,
blunder,CRIME|CATASTROPHE|FEELING,,NO,VERB,NOUN,ACTION,,CONCRETE,"gaffer, bourde, erreur"
typhoon,NATURE|CATASTROPHE,,NO,NOUN,,EVENT,,CONCRETE,
tumbler,SPORT|PEOPLE,,NO,NOUN,,PERSON,,CONCRETE,acrobate
function,SCIENCE|POLITICS|INDUSTRY,,NO,NOUN,,,,ABSTRACT,
national,POLITICS|ARMY,,NO,ADJ,,,,ABSTRACT,
division,SCIENCE|ARMY|INDUSTRY,,NO,NOUN,,PERSON,,ABSTRACT,
specific,PHILOSOPHY|ABSTRACT|DISTINCT,,NO,ADJ,,,,ABSTRACT,
progress,INDUSTRY|MOVE|ABSTRACT,,NO,NOUN,VERB,EVENT,,ABSTRACT,
strength,ARMY|BODY|POLITICS,,NO,NOUN,,CONCEPT ,,ABSTRACT,
activity,INDUSTRY|ARMY|SPORT,,NO,NOUN,,EVENT,,CONCRETE,
district,INDUSTRY|ARMY|LOCATION,,NO,NOUN,,LOCATION,,CONCRETE,
analysis,PHILOSOPHY|MEDICAL|SCIENCE|ABSTRACT,,NO,NOUN,,CONCEPT ,,ABSTRACT,
physical,ARMY|BODY|SPORT,,NO,ADJ,,CONCEPT ,,CONCRETE,
military,ARMY|PEOPLE,,NO,NOUN,,CONCEPT ,,CONCRETE,
remember,TIME|PHILOSOPHY|DISTINCT,,NO,VERB,,CONCEPT ,,CONCRETE,
entrance,HOUSE|LOCATION,,NO,NOUN,,LOCATION,,CONCRETE,
dominant,ARMY|POLITICS|PHILOSOPHY,,NO,ADJ,,CONCEPT ,,CONCRETE,
pleasure,ENTERTAINMENT|PHILOSOPHY|FEELING,,NO,NOUN,,SENTIMENT,,ABSTRACT,
violence,PHILOSOPHY|CRIME|JUSTICE|ABSTRACT,,NO,NOUN,,CONCEPT ,,ABSTRACT,
guidance,RELIGION|PHILOSOPHY,,NO,NOUN,,CONCEPT ,,ABSTRACT,
relative,FAMILY|SCIENCE|PEOPLE,,NO,NOUN,,PERSON,,CONCRETE,
struggle,PHILOSOPHY|ARMY|JUSTICE,,NO,VERB,NOUN,SENTIMENT,,ABSTRACT,
december,TIME,,NO,PROPN,,TIME,,ABSTRACT,
emphasis,PHILOSOPHY,,NO,NOUN,,CONCEPT / SENTIMENT,,ABSTRACT,
judgment,JUSTICE|FEELING,,NO,NOUN,,EVENT,,CONCRETE,
argument,POLITICS|JUSTICE,,NO,NOUN,,EVENT,,CONCRETE,
proposal,INDUSTRY|MONEY,,NO,NOUN,,EVENT,,CONCRETE,
narrator,ENTERTAINMENT|PEOPLE|BOOK,,NO,NOUN,,PERSON,,CONCRETE,
employee,PEOPLE|INDUSTRY,,NO,NOUN,,PERSON,,CONCRETE,
friction,SCIENCE,TOUCH,NO,NOUN,,EVENT,,CONCRETE,
elevator,DEVICE,,YES,NOUN,,OBJECT,,CONCRETE,
velocity,SCIENCE|MOVE,,NO,NOUN,,,,ABSTRACT,
disaster,NATURE|CATASTROPHE,,NO,NOUN,,EVENT,,CONCRETE,
linguist,SCHOOL|PEOPLE|LANGUAGE,,NO,NOUN,,PERSON,,CONCRETE,
disposal,MOVE,,NO,NOUN,,EVENT,,ABSTRACT,Elimination/rejet
patience,PHILOSOPHY|FEELING,,NO,NOUN,,CONCEPT / SENTIMENT,,ABSTRACT,
compound,PHILOSOPHY,,NO,NOUN,,CONCEPT ,,ABSTRACT,"combinaison,melange"
laughter,PHILOSOPHY|FEELING,,NO,NOUN,,SENTIMENT,,CONCRETE,
coverage,INDUSTRY,,NO,NOUN,,CONCEPT ,,ABSTRACT,couverture
delusion,PHILOSOPHY|ENTERTAINMENT,,NO,NOUN,,SENTIMENT,,CONCRETE,"fantasme, hallucination"
sentinel,ARMY|TRAVEL,,NO,NOUN,,PERSON,,CONCRETE,
bungalow,HOUSE|ENTERTAINMENT|TRAVEL,,NO,NOUN,,LOCATION,,CONCRETE,
colossus,ARMY|PEOPLE,,NO,NOUN,,PERSON,,CONCRETE,
exertion,ARMY|INDUSTRY,,NO,NOUN,,ACTION,,CONCRETE,effort physique
antidote,MEDICAL|,,NO,NOUN,,OBJECT,,CONCRETE,
chivalry,PHILOSOPHY,,NO,NOUN,,CONCEPT ,,CONCRETE,"galanterie, chevalerie"
drudgery,INDUSTRY|,,NO,NOUN,,ACTION,,CONCRETE,corvee
reversal,PHILOSOPHY,,NO,NOUN,,ACTION,,CONCRETE,
billiard,ENTERTAINMENT|DEVICE,,YES,NOUN,,OBJECT,,CONCRETE,
adherent,POLITICS|PEOPLE,,NO,NOUN,,PERSON,,CONCRETE,
solenoid,SCIENCE|DEVICE,,NO,NOUN,,OBJECT,,CONCRETE,
